회차	추첨일	1등	2등_공	3등_공	4등_공	5등_공	6등_공	7등_공	보너스_공
247	20250123	2조	4,9,0,5,9,0	9,0,5,9,0	0,5,9,0	5,9,0	9,0	0	5,2,3,3,7,4
246	20250116	3조	1,7,6,0,6,9	7,6,0,6,9	6,0,6,9	0,6,9	6,9	9	5,6,2,7,6,0
245	20250109	1조	1,7,9,2,7,3	7,9,2,7,3	9,2,7,3	2,7,3	7,3	3	0,7,0,3,7,3
244	20250102	5조	0,3,3,3,3,7	3,3,3,7	3,3,7	3,7	7	2,2,3,5,9,4
243	20241226	2조	0,8,4,9,8,2	8,4,9,8,2	4,9,8,2	9,8,2	8,2	2	8,2,4,6,4,9
242	20241219	1조	3,2,3,1,6,4	2,3,1,6,4	3,1,6,4	1,6,4	6,4	4	4,3,6,9,6,6
241	20241212	2조	1,0,6,7,1,6	0,6,7,1,6	6,7,1,6	7,1,6	1,6	6	9,8,7,8,6,8
240	20241205	4조	4,4,6,6,4,8	4,6,6,4,8	6,6,4,8	6,4,8	4,8	8	7,6,1,5,5,5
239	20241128	4조	2,7,7,3,2,6	7,7,3,2,6	7,3,2,6	3,2,6	2,6	6	1,6,0,7,6,4
238	20241121	5조	9,8,8,9,4,2	8,8,9,4,2	8,9,4,2	9,4,2	4,2	2	2,9,1,0,7,0
237	20241114	5조	7,9,3,9,6,9	9,3,9,6,9	3,9,6,9	9,6,9	6,9	9	0,4,5,8,8,6
236	20241107	4조	4,4,4,4,3,1	4,4,4,3,1	4,4,3,1	4,3,1	3,1	1	8,7,4,2,5,8
235	20241031	4조	8,1,7,1,4,8	1,7,1,4,8	7,1,4,8	1,4,8	4,8	8	3,4,9,4,5,8
234	20241024	4조	6,5,8,3,7,3	5,8,3,7,3	8,3,7,3	3,7,3	7,3	3	2,4,0,6,6,2
233	20241017	4조	3,7,8,8,6,8	7,8,8,6,8	8,8,6,8	8,6,8	6,8	8	3,3,6,8,9,9
232	20241010	1조	8,6,8,4,7,6	6,8,4,7,6	8,4,7,6	4,7,6	7,6	6	1,1,7,3,4,2
231	20241003	3조	6,6,0,6,2,1	6,0,6,2,1	0,6,2,1	6,2,1	2,1	1	4,7,6,2,2,0
230	20240926	2조	8,1,7,2,0,9	1,7,2,0,9	7,2,0,9	2,0,9	0,9	9	1,2,7,7,0,1
229	20240919	1조	4,4,1,5,1,0	4,1,5,1,0	1,5,1,0	5,1,0	1,0	0	2,3,1,8,1,8
228	20240912	4조	1,2,7,3,1,7	2,7,3,1,7	7,3,1,7	3,1,7	1,7	7	9,0,6,4,1,5
227	20240905	5조	0,6,8,5,1,6	6,8,5,1,6	8,5,1,6	5,1,6	1,6	6	9,8,9,8,9,0
226	20240829	1조	5,0,2,2,7,5	0,2,2,7,5	2,2,7,5	2,7,5	7,5	5	9,4,0,1,1,9
225	20240822	3조	2,4,5,9,1,4	4,5,9,1,4	5,9,1,4	9,1,4	1,4	4	2,5,6,3,4,7
224	20240815	4조	9,3,8,7,6,3	3,8,7,6,3	8,7,6,3	7,6,3	6,3	3	7,6,0,1,4,5
223	20240808	5조	2,7,9,8,9,5	7,9,8,9,5	9,8,9,5	8,9,5	9,5	5	3,9,4,4,5,3
222	20240801	5조	0,5,8,6,2,7	5,8,6,2,7	8,6,2,7	6,2,7	2,7	7	6,5,1,3,1,1
221	20240725	5조	1,3,1,3,4,7	3,1,3,4,7	1,3,4,7	3,4,7	4,7	7	0,6,4,2,0,0
220	20240718	4조	4,4,4,7,3,9	4,4,7,3,9	4,7,3,9	7,3,9	3,9	9	1,7,1,4,8,1
219	20240711	5조	4,2,5,4,8,3	2,5,4,8,3	5,4,8,3	4,8,3	8,3	3	4,0,0,1,5,5
218	20240704	5조	2,6,3,3,3,8	6,3,3,3,8	3,3,3,8	3,3,8	3,8	8	8,8,5,9,2,4
217	20240627	5조	8,1,7,5,0,9	1,7,5,0,9	7,5,0,9	5,0,9	0,9	9	0,6,0,7,1,7
216	20240620	5조	3,2,6,1,1,7	2,6,1,1,7	6,1,1,7	1,1,7	1,7	7	2,4,8,8,4,1
215	20240613	1조	8,4,9,5,7,2	4,9,5,7,2	9,5,7,2	5,7,2	7,2	2	3,5,4,1,2,9
214	20240606	1조	7,1,8,7,6,6	1,8,7,6,6	8,7,6,6	7,6,6	6,6	6	0,8,7,5,4,7
213	20240530	1조	1,5,6,0,4,9	5,6,0,4,9	6,0,4,9	0,4,9	4,9	9	1,6,4,9,4,7
212	20240523	2조	1,1,1,9,1,5	1,1,9,1,5	1,9,1,5	9,1,5	1,5	5	4,8,1,2,4,0
211	20240516	1조	9,6,0,5,5,4	6,0,5,5,4	0,5,5,4	5,5,4	5,4	4	3,2,7,7,9,3
210	20240509	3조	0,4,0,6,6,2	4,0,6,6,2	0,6,6,2	6,6,2	6,2	2	9,4,1,4,1,9
209	20240502	4조	9,9,8,7,5,0	9,8,7,5,0	8,7,5,0	7,5,0	5,0	0	1,3,5,1,8,8
208	20240425	1조	8,7,9,8,2,9	7,9,8,2,9	9,8,2,9	8,2,9	2,9	9	0,3,9,6,3,6
207	20240418	3조	2,1,1,9,8,8	1,1,9,8,8	1,9,8,8	9,8,8	8,8	8	3,9,6,5,4,0
206	20240411	3조	4,8,9,0,7,5	8,9,0,7,5	9,0,7,5	0,7,5	7,5	5	5,8,7,6,9,5
205	20240404	1조	4,7,2,3,7,7	7,2,3,7,7	2,3,7,7	3,7,7	7,7	7	9,3,5,4,7,1
204	20240328	5조	7,5,6,3,9,7	5,6,3,9,7	6,3,9,7	3,9,7	9,7	7	7,3,8,0,7,2
203	20240321	3조	4,5,3,0,6,4	5,3,0,6,4	3,0,6,4	0,6,4	6,4	4	1,7,8,8,2,4
202	20240314	2조	4,1,9,0,9,3	1,9,0,9,3	9,0,9,3	0,9,3	9,3	3	1,9,3,7,7,8
201	20240307	1조	4,7,2,6,7,5	7,2,6,7,5	2,6,7,5	6,7,5	7,5	5	5,5,1,7,4,5
200	20240229	5조	1,4,6,3,6,2	4,6,3,6,2	6,3,6,2	3,6,2	6,2	2	2,6,0,0,5,4
199	20240222	4조	1,0,3,6,3,3	0,3,6,3,3	3,6,3,3	6,3,3	3,3	3	1,7,5,7,0,9
198	20240215	2조	4,3,7,8,0,3	3,7,8,0,3	7,8,0,3	8,0,3	0,3	3	6,2,0,1,2,5
197	20240208	4조	9,6,6,6,1,6	6,6,6,1,6	6,6,1,6	6,1,6	1,6	6	2,0,0,8,6,1
196	20240201	4조	1,1,3,3,9,3	1,3,3,9,3	3,3,9,3	3,9,3	9,3	3	3,4,9,0,7,8
195	20240125	4조	5,3,1,3,0,7	3,1,3,0,7	1,3,0,7	3,0,7	0,7	7	1,1,8,6,9,3
194	20240118	5조	4,6,1,1,0,2	6,1,1,0,2	1,1,0,2	1,0,2	0,2	2	8,4,0,4,2,3
193	20240111	2조	4,9,1,9,0,5	9,1,9,0,5	1,9,0,5	9,0,5	0,5	5	4,5,4,1,8,5
192	20240104	2조	0,3,4,2,1,0	3,4,2,1,0	4,2,1,0	2,1,0	1,0	0	7,1,8,7,1,5
191	20231228	4조	2,9,6,4,3,0	9,6,4,3,0	6,4,3,0	4,3,0	3,0	0	8,8,3,6,5,4
190	20231221	2조	8,5,0,3,6,5	5,0,3,6,5	0,3,6,5	3,6,5	6,5	5	7,3,0,4,6,2
189	20231214	4조	4,6,6,5,5,7	6,6,5,5,7	6,5,5,7	5,5,7	5,7	7	2,1,2,3,7,2
188	20231207	5조	5,0,2,5,2,2	0,2,5,2,2	2,5,2,2	5,2,2	2,2	2	9,5,7,4,6,0
187	20231130	5조	2,0,0,4,7,3	0,0,4,7,3	0,4,7,3	4,7,3	7,3	3	8,0,9,7,9,7
186	20231123	5조	6,1,6,8,1,4	1,6,8,1,4	6,8,1,4	8,1,4	1,4	4	2,1,2,2,5,0
185	20231116	4조	5,7,7,4,1,8	7,7,4,1,8	7,4,1,8	4,1,8	1,8	8	6,2,8,2,6,6
184	20231109	3조	6,4,6,3,6,2	4,6,3,6,2	6,3,6,2	3,6,2	6,2	2	4,4,3,3,1,7
183	20231102	4조	3,2,1,4,2,3	2,1,4,2,3	1,4,2,3	4,2,3	2,3	3	3,0,6,6,3,3
182	20231026	1조	9,9,3,7,5,0	9,3,7,5,0	3,7,5,0	7,5,0	5,0	0	7,7,2,4,2,7
181	20231019	3조	5,5,0,1,0,4	5,0,1,0,4	0,1,0,4	1,0,4	0,4	4	1,1,5,4,7,4
180	20231012	3조	8,3,6,8,3,8	3,6,8,3,8	6,8,3,8	8,3,8	3,8	8	3,4,9,5,0,4
179	20231005	2조	9,4,7,1,7,6	4,7,1,7,6	7,1,7,6	1,7,6	7,6	6	4,2,9,1,8,9
178	20230928	3조	0,0,4,6,8,7	0,4,6,8,7	4,6,8,7	6,8,7	8,7	7	2,1,2,7,0,1
177	20230921	3조	1,0,5,9,4,8	0,5,9,4,8	5,9,4,8	9,4,8	4,8	8	2,6,9,3,1,3
176	20230914	3조	8,5,8,9,5,2	5,8,9,5,2	8,9,5,2	9,5,2	5,2	2	3,7,6,1,7,0
175	20230907	5조	7,6,5,7,4,0	6,5,7,4,0	5,7,4,0	7,4,0	4,0	0	8,8,5,8,2,4
174	20230831	2조	8,7,6,0,2,1	7,6,0,2,1	6,0,2,1	0,2,1	2,1	1	3,0,3,1,3,4
173	20230824	3조	8,0,3,7,5,7	0,3,7,5,7	3,7,5,7	7,5,7	5,7	7	6,8,9,9,7,0
172	20230817	1조	0,9,2,1,3,8	9,2,1,3,8	2,1,3,8	1,3,8	3,8	8	6,6,8,1,8,3
171	20230810	2조	8,4,4,5,7,8	4,4,5,7,8	4,5,7,8	5,7,8	7,8	8	7,3,5,2,8,4
170	20230803	2조	9,6,5,1,7,8	6,5,1,7,8	5,1,7,8	1,7,8	7,8	8	0,3,7,2,6,2
169	20230727	3조	9,2,4,7,4,8	2,4,7,4,8	4,7,4,8	7,4,8	4,8	8	5,8,8,0,5,0
168	20230720	2조	9,7,0,7,3,1	7,0,7,3,1	0,7,3,1	7,3,1	3,1	1	5,4,1,2,3,7
167	20230713	3조	4,7,5,0,1,6	7,5,0,1,6	5,0,1,6	0,1,6	1,6	6	2,9,7,6,1,5
166	20230706	4조	3,4,2,1,0,3	4,2,1,0,3	2,1,0,3	1,0,3	0,3	3	3,8,2,9,5,6
165	20230629	1조	7,1,8,2,7,3	1,8,2,7,3	8,2,7,3	2,7,3	7,3	3	9,1,0,0,4,1
164	20230622	1조	9,7,2,3,4,9	7,2,3,4,9	2,3,4,9	3,4,9	4,9	9	9,9,1,5,1,5
163	20230615	1조	7,1,1,0,6,7	1,1,0,6,7	1,0,6,7	0,6,7	6,7	7	1,0,2,8,6,5
162	20230608	2조	8,0,2,4,9,3	0,2,4,9,3	2,4,9,3	4,9,3	9,3	3	2,1,6,3,6,3
161	20230601	3조	0,5,5,8,3,8	5,5,8,3,8	5,8,3,8	8,3,8	3,8	8	0,4,9,1,4,0
160	20230525	5조	4,4,0,2,8,6	4,0,2,8,6	0,2,8,6	2,8,6	8,6	6	8,5,6,5,6,1
159	20230518	3조	8,4,6,5,8,1	4,6,5,8,1	6,5,8,1	5,8,1	8,1	1	9,5,7,5,7,4
158	20230511	2조	3,5,7,8,5,6	5,7,8,5,6	7,8,5,6	8,5,6	5,6	6	1,7,7,5,5,5
157	20230504	5조	2,4,3,4,3,0	4,3,4,3,0	3,4,3,0	4,3,0	3,0	0	8,1,6,5,8,0
156	20230427	1조	0,7,1,7,1,2	7,1,7,1,2	1,7,1,2	7,1,2	1,2	2	7,7,1,3,9,0
155	20230420	4조	7,3,9,5,8,6	3,9,5,8,6	9,5,8,6	5,8,6	8,6	6	5,1,2,3,7,6
154	20230413	3조	8,2,6,3,9,3	2,6,3,9,3	6,3,9,3	3,9,3	9,3	3	7,1,0,2,1,2
153	20230406	1조	9,7,7,0,3,8	7,7,0,3,8	7,0,3,8	0,3,8	3,8	8	4,5,5,3,9,9
152	20230330	3조	9,0,5,5,3,1	0,5,5,3,1	5,5,3,1	5,3,1	3,1	1	7,8,7,8,3,6
151	20230323	4조	2,5,6,5,0,2	5,6,5,0,2	6,5,0,2	5,0,2	0,2	2	8,8,4,6,8,8
150	20230316	3조	3,6,5,3,4,3	6,5,3,4,3	5,3,4,3	3,4,3	4,3	3	5,1,2,1,3,4
149	20230309	5조	3,7,8,2,9,6	7,8,2,9,6	8,2,9,6	2,9,6	9,6	6	0,4,2,5,2,1
148	20230302	1조	8,2,6,9,3,0	2,6,9,3,0	6,9,3,0	9,3,0	3,0	0	3,1,2,7,1,7
147	20230223	4조	8,3,8,3,8,0	3,8,3,8,0	8,3,8,0	3,8,0	8,0	0	7,0,8,6,7,3
146	20230216	1조	6,4,3,5,7,0	4,3,5,7,0	3,5,7,0	5,7,0	7,0	0	3,5,7,6,5,1
145	20230209	2조	2,2,1,1,1,1	2,1,1,1,1	1,1,1,1	1,1,1	1,1	1	1,0,3,7,1,4
144	20230202	5조	8,4,9,6,8,1	4,9,6,8,1	9,6,8,1	6,8,1	8,1	1	0,0,7,5,4,4
143	20230126	5조	4,5,9,9,7,9	5,9,9,7,9	9,9,7,9	9,7,9	7,9	9	9,3,3,8,8,8
142	20230119	2조	8,5,2,9,6,0	5,2,9,6,0	2,9,6,0	9,6,0	6,0	0	7,6,7,6,6,2
141	20230112	4조	8,9,5,3,5,2	9,5,3,5,2	5,3,5,2	3,5,2	5,2	2	6,8,6,2,2,1
140	20230105	4조	4,6,9,1,8,5	6,9,1,8,5	9,1,8,5	1,8,5	8,5	5	8,3,2,9,4,0
139	20221229	1조	2,0,1,6,8,8	0,1,6,8,8	1,6,8,8	6,8,8	8,8	8	0,5,6,9,6,0
138	20221222	1조	3,9,3,0,6,6	9,3,0,6,6	3,0,6,6	0,6,6	6,6	6	2,6,9,2,5,4
137	20221215	1조	8,7,3,7,8,4	7,3,7,8,4	3,7,8,4	7,8,4	8,4	4	6,0,9,7,9,5
136	20221208	5조	5,8,7,4,1,1	8,7,4,1,1	7,4,1,1	4,1,1	1,1	1	4,3,0,8,2,7
135	20221201	2조	4,0,0,8,7,6	0,0,8,7,6	0,8,7,6	8,7,6	7,6	6	4,8,0,1,9,0
134	20221124	1조	0,4,7,0,2,2	4,7,0,2,2	7,0,2,2	0,2,2	2,2	2	9,0,4,3,9,4
133	20221117	1조	1,0,7,5,2,3	0,7,5,2,3	7,5,2,3	5,2,3	2,3	3	4,6,4,6,9,3
132	20221110	1조	3,3,8,8,2,2	3,8,8,2,2	8,8,2,2	8,2,2	2,2	2	9,8,0,3,1,2
131	20221103	5조	8,5,2,2,6,5	5,2,2,6,5	2,2,6,5	2,6,5	6,5	5	0,5,4,6,0,0
130	20221027	3조	7,3,7,7,4,7	3,7,7,4,7	7,7,4,7	7,4,7	4,7	7	9,8,2,0,0,3
129	20221020	1조	6,1,9,0,0,3	1,9,0,0,3	9,0,0,3	0,0,3	0,3	3	1,6,0,8,4,5
128	20221013	3조	9,2,3,8,6,4	2,3,8,6,4	3,8,6,4	8,6,4	6,4	4	6,7,6,3,5,3
127	20221006	3조	9,0,5,6,5,8	0,5,6,5,8	5,6,5,8	6,5,8	5,8	8	6,0,0,7,2,6
126	20220929	5조	5,5,9,8,3,0	5,9,8,3,0	9,8,3,0	8,3,0	3,0	0	6,1,0,8,4,6
125	20220922	5조	8,4,5,3,9,0	4,5,3,9,0	5,3,9,0	3,9,0	9,0	0	0,1,0,8,1,2
124	20220915	5조	3,1,1,2,4,4	1,1,2,4,4	1,2,4,4	2,4,4	4,4	4	4,3,4,4,6,2
123	20220908	3조	9,3,8,4,2,3	3,8,4,2,3	8,4,2,3	4,2,3	2,3	3	8,9,4,9,5,3
122	20220901	1조	0,1,6,8,4,1	1,6,8,4,1	6,8,4,1	8,4,1	4,1	1	0,9,7,5,3,0
121	20220825	5조	4,4,4,5,2,0	4,4,5,2,0	4,5,2,0	5,2,0	2,0	0	9,3,9,5,0,4
120	20220818	2조	2,1,8,5,5,6	1,8,5,5,6	8,5,5,6	5,5,6	5,6	6	2,6,5,4,2,7
119	20220811	4조	0,8,8,2,5,7	8,8,2,5,7	8,2,5,7	2,5,7	5,7	7	4,8,4,2,6,6
118	20220804	1조	9,2,9,9,7,7	2,9,9,7,7	9,9,7,7	9,7,7	7,7	7	3,7,8,1,1,2
117	20220728	4조	2,6,9,1,1,7	6,9,1,1,7	9,1,1,7	1,1,7	1,7	7	3,4,9,9,0,0
116	20220721	2조	6,4,1,7,7,0	4,1,7,7,0	1,7,7,0	7,7,0	7,0	0	2,1,5,0,5,1
115	20220714	2조	7,4,9,0,6,3	4,9,0,6,3	9,0,6,3	0,6,3	6,3	3	7,3,8,6,8,7
114	20220707	2조	6,9,9,2,8,6	9,9,2,8,6	9,2,8,6	2,8,6	8,6	6	0,0,2,9,0,5
113	20220630	3조	2,4,8,8,5,5	4,8,8,5,5	8,8,5,5	8,5,5	5,5	5	4,5,8,6,9,3
112	20220623	3조	8,0,2,0,0,7	0,2,0,0,7	2,0,0,7	0,0,7	0,7	7	2,7,9,1,4,2
111	20220616	1조	3,9,3,5,8,8	9,3,5,8,8	3,5,8,8	5,8,8	8,8	8	5,4,3,8,2,5
110	20220609	5조	5,4,2,9,8,0	4,2,9,8,0	2,9,8,0	9,8,0	8,0	0	3,6,4,7,1,4
109	20220602	3조	1,6,4,1,1,5	6,4,1,1,5	4,1,1,5	1,1,5	1,5	5	6,7,3,8,7,6
108	20220526	3조	6,0,5,1,9,5	0,5,1,9,5	5,1,9,5	1,9,5	9,5	5	7,1,4,7,5,8
107	20220519	3조	1,9,2,7,5,0	9,2,7,5,0	2,7,5,0	7,5,0	5,0	0	8,9,6,6,5,9
106	20220512	5조	3,0,7,6,9,5	0,7,6,9,5	7,6,9,5	6,9,5	9,5	5	9,7,9,9,6,6
105	20220505	1조	1,8,0,5,0,6	8,0,5,0,6	0,5,0,6	5,0,6	0,6	6	0,5,1,6,3,0
104	20220428	2조	6,8,9,9,2,2	8,9,9,2,2	9,9,2,2	9,2,2	2,2	2	7,3,9,5,4,5
103	20220421	4조	7,8,6,2,7,6	8,6,2,7,6	6,2,7,6	2,7,6	7,6	6	7,6,3,4,4,3
102	20220414	3조	0,3,0,5,6,9	3,0,5,6,9	0,5,6,9	5,6,9	6,9	9	8,4,4,6,4,3
101	20220407	4조	0,6,8,5,6,1	6,8,5,6,1	8,5,6,1	5,6,1	6,1	1	6,5,6,2,6,7
100	20220331	4조	4,1,9,3,9,9	1,9,3,9,9	9,3,9,9	3,9,9	9,9	9	4,8,4,1,3,6
99	20220324	3조	2,0,2,9,9,7	0,2,9,9,7	2,9,9,7	9,9,7	9,7	7	6,6,0,2,7,6
98	20220317	4조	7,0,7,4,3,7	0,7,4,3,7	7,4,3,7	4,3,7	3,7	7	9,8,1,6,1,7
97	20220310	1조	7,8,3,6,8,8	8,3,6,8,8	3,6,8,8	6,8,8	8,8	8	3,9,7,7,1,2
96	20220303	2조	3,3,0,4,8,1	3,0,4,8,1	0,4,8,1	4,8,1	8,1	1	1,0,1,2,4,8
95	20220224	5조	8,4,1,3,3,1	4,1,3,3,1	1,3,3,1	3,3,1	3,1	1	9,9,7,3,0,9
94	20220217	1조	8,0,7,1,2,1	0,7,1,2,1	7,1,2,1	1,2,1	2,1	1	4,8,1,2,1,6
93	20220210	4조	1,8,0,2,4,9	8,0,2,4,9	0,2,4,9	2,4,9	4,9	9	8,3,1,8,9,4
92	20220203	4조	4,8,7,3,8,1	8,7,3,8,1	7,3,8,1	3,8,1	8,1	1	8,7,8,0,6,8
91	20220127	3조	5,8,6,0,5,4	8,6,0,5,4	6,0,5,4	0,5,4	5,4	4	5,5,4,7,1,0
90	20220120	5조	2,3,5,8,5,8	3,5,8,5,8	5,8,5,8	8,5,8	5,8	8	4,0,8,0,3,2
89	20220113	4조	5,8,5,4,4,9	8,5,4,4,9	5,4,4,9	4,4,9	4,9	9	1,0,6,0,5,0
88	20220106	2조	3,2,9,6,9,5	2,9,6,9,5	9,6,9,5	6,9,5	9,5	5	5,6,5,1,1,0
87	20211230	4조	7,4,0,9,4,2	4,0,9,4,2	0,9,4,2	9,4,2	4,2	2	5,1,1,9,5,5
86	20211223	5조	9,5,0,3,2,0	5,0,3,2,0	0,3,2,0	3,2,0	2,0	0	0,9,4,5,0,4
85	20211216	5조	3,3,8,4,0,7	3,8,4,0,7	8,4,0,7	4,0,7	0,7	7	1,6,7,7,5,0
84	20211209	4조	5,8,0,1,4,8	8,0,1,4,8	0,1,4,8	1,4,8	4,8	8	7,7,5,9,8,6
83	20211202	3조	1,3,6,1,2,8	3,6,1,2,8	6,1,2,8	1,2,8	2,8	8	8,0,6,7,9,4
82	20211125	4조	9,3,5,0,5,3	3,5,0,5,3	5,0,5,3	0,5,3	5,3	3	7,6,8,1,0,2
81	20211118	1조	9,7,1,5,1,1	7,1,5,1,1	1,5,1,1	5,1,1	1,1	1	6,0,0,1,3,9
80	20211111	1조	6,4,1,3,5,8	4,1,3,5,8	1,3,5,8	3,5,8	5,8	8	9,8,3,2,7,4
79	20211104	5조	4,0,8,3,7,9	0,8,3,7,9	8,3,7,9	3,7,9	7,9	9	0,6,7,0,8,4
78	20211028	2조	5,1,5,8,8,4	1,5,8,8,4	5,8,8,4	8,8,4	8,4	4	9,1,7,9,9,8
77	20211021	5조	4,3,6,3,0,5	3,6,3,0,5	6,3,0,5	3,0,5	0,5	5	2,9,4,6,9,3
76	20211014	1조	8,9,0,9,6,6	9,0,9,6,6	0,9,6,6	9,6,6	6,6	6	9,4,9,3,2,5
75	20211007	3조	6,5,8,3,4,0	5,8,3,4,0	8,3,4,0	3,4,0	4,0	0	7,6,6,1,0,3
74	20210930	2조	2,5,6,7,8,9	5,6,7,8,9	6,7,8,9	7,8,9	8,9	9	8,3,2,6,5,9
73	20210923	1조	5,0,1,0,2,6	0,1,0,2,6	1,0,2,6	0,2,6	2,6	6	2,2,2,2,4,7
72	20210916	2조	1,1,4,6,8,7	1,4,6,8,7	4,6,8,7	6,8,7	8,7	7	0,4,7,9,1,3
71	20210909	1조	1,5,9,4,8,6	5,9,4,8,6	9,4,8,6	4,8,6	8,6	6	8,8,1,9,3,8
70	20210902	1조	2,4,8,6,7,2	4,8,6,7,2	8,6,7,2	6,7,2	7,2	2	9,4,6,3,7,7
69	20210826	4조	7,7,5,5,3,0	7,5,5,3,0	5,5,3,0	5,3,0	3,0	0	0,3,3,3,8,5
68	20210819	5조	1,9,1,0,7,5	9,1,0,7,5	1,0,7,5	0,7,5	7,5	5	2,1,8,7,7,6
67	20210812	3조	8,0,7,5,3,1	0,7,5,3,1	7,5,3,1	5,3,1	3,1	1	1,3,7,5,6,0
66	20210805	4조	9,9,0,8,3,4	9,0,8,3,4	0,8,3,4	8,3,4	3,4	4	3,6,4,9,1,4
65	20210729	4조	7,3,2,3,7,5	3,2,3,7,5	2,3,7,5	3,7,5	7,5	5	0,2,0,3,2,1
64	20210722	5조	6,7,6,0,0,3	7,6,0,0,3	6,0,0,3	0,0,3	0,3	3	8,5,5,5,2,4
63	20210715	4조	3,3,5,2,2,6	3,5,2,2,6	5,2,2,6	2,2,6	2,6	6	7,9,1,1,8,1
62	20210708	4조	0,1,4,0,7,3	1,4,0,7,3	4,0,7,3	0,7,3	7,3	3	5,7,2,8,7,9
61	20210701	3조	5,7,5,8,6,2	7,5,8,6,2	5,8,6,2	8,6,2	6,2	2	6,0,2,6,1,0
60	20210624	5조	2,1,6,5,1,0	1,6,5,1,0	6,5,1,0	5,1,0	1,0	0	0,2,9,1,6,3
59	20210617	2조	1,5,9,0,5,6	5,9,0,5,6	9,0,5,6	0,5,6	5,6	6	9,7,3,5,2,1
58	20210610	5조	9,3,9,3,2,7	3,9,3,2,7	9,3,2,7	3,2,7	2,7	7	5,5,1,9,2,4
57	20210603	2조	2,7,2,2,8,6	7,2,2,8,6	2,2,8,6	2,8,6	8,6	6	2,3,0,2,9,5
56	20210527	1조	9,9,3,1,7,4	9,3,1,7,4	3,1,7,4	1,7,4	7,4	4	6,7,7,7,9,9
55	20210520	1조	4,7,7,8,7,9	7,7,8,7,9	7,8,7,9	8,7,9	7,9	9	4,9,5,7,1,9
54	20210513	5조	6,2,7,0,5,4	2,7,0,5,4	7,0,5,4	0,5,4	5,4	4	9,3,2,5,3,5
53	20210506	5조	6,4,9,6,3,8	4,9,6,3,8	9,6,3,8	6,3,8	3,8	8	5,8,0,3,5,7
52	20210429	2조	5,9,7,2,2,7	9,7,2,2,7	7,2,2,7	2,2,7	2,7	7	2,9,7,6,2,5
51	20210422	2조	5,1,0,0,1,2	1,0,0,1,2	0,0,1,2	0,1,2	1,2	2	0,8,8,1,8,5
50	20210415	3조	5,9,2,1,1,1	9,2,1,1,1	2,1,1,1	1,1,1	1,1	1	1,7,6,5,7,0
49	20210408	4조	3,0,5,2,4,8	0,5,2,4,8	5,2,4,8	2,4,8	4,8	8	1,9,1,2,3,5
48	20210401	1조	7,7,9,3,6,3	7,9,3,6,3	9,3,6,3	3,6,3	6,3	3	7,8,8,6,4,2
47	20210325	4조	9,4,1,3,2,7	4,1,3,2,7	1,3,2,7	3,2,7	2,7	7	5,2,4,4,9,5
46	20210318	4조	0,1,0,9,6,3	1,0,9,6,3	0,9,6,3	9,6,3	6,3	3	7,1,0,8,1,7
45	20210311	2조	3,1,8,7,5,4	1,8,7,5,4	8,7,5,4	7,5,4	5,4	4	4,9,4,2,2,1
44	20210304	3조	6,6,8,8,1,8	6,8,8,1,8	8,8,1,8	8,1,8	1,8	8	7,9,9,1,8,1
43	20210225	4조	5,8,9,8,3,9	8,9,8,3,9	9,8,3,9	8,3,9	3,9	9	8,9,0,5,4,6
42	20210218	4조	9,7,4,2,3,1	7,4,2,3,1	4,2,3,1	2,3,1	3,1	1	8,9,2,2,4,3
41	20210211	1조	7,4,2,7,1,4	4,2,7,1,4	2,7,1,4	7,1,4	1,4	4	6,9,8,3,3,5
40	20210204	2조	6,3,1,0,8,6	3,1,0,8,6	1,0,8,6	0,8,6	8,6	6	5,8,5,8,0,2
39	20210128	1조	1,9,9,1,3,7	9,9,1,3,7	9,1,3,7	1,3,7	3,7	7	3,2,0,7,1,8
38	20210121	3조	3,0,7,8,3,6	0,7,8,3,6	7,8,3,6	8,3,6	3,6	6	1,6,2,4,8,0
37	20210114	3조	4,5,3,8,7,7	5,3,8,7,7	3,8,7,7	8,7,7	7,7	7	4,6,6,5,6,6
36	20210107	4조	7,3,5,7,5,7	3,5,7,5,7	5,7,5,7	7,5,7	5,7	7	2,5,2,6,6,3
35	20201231	1조	5,4,2,4,5,4	4,2,4,5,4	2,4,5,4	4,5,4	5,4	4	1,1,6,4,2,3
34	20201224	4조	9,7,7,6,8,6	7,7,6,8,6	7,6,8,6	6,8,6	8,6	6	8,3,2,2,2,6
33	20201217	4조	5,9,6,2,1,9	9,6,2,1,9	6,2,1,9	2,1,9	1,9	9	6,4,1,6,8,7
32	20201210	1조	5,7,9,1,7,6	7,9,1,7,6	9,1,7,6	1,7,6	7,6	6	3,4,9,0,4,3
31	20201203	1조	7,7,1,5,9,8	7,1,5,9,8	1,5,9,8	5,9,8	9,8	8	9,9,7,8,6,3
30	20201126	3조	4,8,7,2,1,5	8,7,2,1,5	7,2,1,5	2,1,5	1,5	5	1,5,7,1,9,0
29	20201119	4조	3,5,5,1,9,2	5,5,1,9,2	5,1,9,2	1,9,2	9,2	2	1,2,6,0,7,8
28	20201112	5조	0,8,0,8,3,9	8,0,8,3,9	0,8,3,9	8,3,9	3,9	9	3,7,8,8,5,6
27	20201105	5조	4,1,2,0,0,8	1,2,0,0,8	2,0,0,8	0,0,8	0,8	8	9,6,7,1,4,2
26	20201029	3조	1,9,2,8,5,6	9,2,8,5,6	2,8,5,6	8,5,6	5,6	6	5,6,1,7,1,4
25	20201022	3조	4,6,3,6,3,7	6,3,6,3,7	3,6,3,7	6,3,7	3,7	7	3,8,6,7,5,0
24	20201015	2조	0,0,2,9,8,9	0,2,9,8,9	2,9,8,9	9,8,9	8,9	9	9,6,7,9,3,9
23	20201008	4조	1,5,8,0,7,1	5,8,0,7,1	8,0,7,1	0,7,1	7,1	1	7,2,6,9,9,0
22	20201001	1조	9,1,3,6,2,2	1,3,6,2,2	3,6,2,2	6,2,2	2,2	2	3,6,2,1,0,4
21	20200924	1조	2,3,9,9,3,7	3,9,9,3,7	9,9,3,7	9,3,7	3,7	7	5,5,2,3,1,7
20	20200917	1조	8,1,9,6,0,5	1,9,6,0,5	9,6,0,5	6,0,5	0,5	5	5,5,5,6,8,7
19	20200910	5조	8,5,9,2,1,9	5,9,2,1,9	9,2,1,9	2,1,9	1,9	9	4,1,1,9,3,6
18	20200903	1조	5,6,2,2,2,2	6,2,2,2,2	2,2,2,2	2,2,2	2,2	2	8,8,1,9,8,0
17	20200827	3조	3,1,7,2,2,7	1,7,2,2,7	7,2,2,7	2,2,7	2,7	7	0,3,1,7,0,8
16	20200820	4조	6,6,4,0,5,6	6,4,0,5,6	4,0,5,6	0,5,6	5,6	6	6,5,7,9,8,5
15	20200813	4조	4,7,7,2,3,8	7,7,2,3,8	7,2,3,8	2,3,8	3,8	8	1,4,6,2,8,2
14	20200806	3조	4,3,2,4,9,6	3,2,4,9,6	2,4,9,6	4,9,6	9,6	6	4,5,1,0,0,9
13	20200730	1조	6,6,9,2,4,5	6,9,2,4,5	9,2,4,5	2,4,5	4,5	5	8,8,0,0,8,9
12	20200723	5조	0,7,6,6,7,6	7,6,6,7,6	6,6,7,6	6,7,6	7,6	6	6,1,1,0,0,4
11	20200716	1조	8,6,7,6,5,4	6,7,6,5,4	7,6,5,4	6,5,4	5,4	4	4,8,5,5,3,0
10	20200709	2조	7,7,0,1,7,3	7,0,1,7,3	0,1,7,3	1,7,3	7,3	3	0,6,4,2,6,3
9	20200702	3조	1,3,3,5,1,0	3,3,5,1,0	3,5,1,0	5,1,0	1,0	0	2,1,3,2,4,0
8	20200625	4조	2,3,4,0,5,8	3,4,0,5,8	4,0,5,8	0,5,8	5,8	8	5,4,8,6,8,2
7	20200618	2조	5,9,7,0,9,3	9,7,0,9,3	7,0,9,3	0,9,3	9,3	3	4,8,2,5,9,5
6	20200611	5조	1,9,3,2,0,2	9,3,2,0,2	3,2,0,2	2,0,2	0,2	2	2,0,6,4,6,0
5	20200604	4조	7,5,4,6,5,5	5,4,6,5,5	4,6,5,5	6,5,5	5,5	5	1,9,0,7,7,9
4	20200528	4조	1,2,4,4,2,0	2,4,4,2,0	4,4,2,0	4,2,0	2,0	0	2,2,1,0,9,7
3	20200521	4조	5,4,4,9,5,5	4,4,9,5,5	4,9,5,5	9,5,5	5,5	5	0,5,9,3,6,9
2	20200514	2조	4,5,0,5,5,8	5,0,5,5,8	0,5,5,8	5,5,8	5,8	8	1,5,4,4,5,7
1	20200507	4조	1,6,2,1,3,2	6,2,1,3,2	2,1,3,2	1,3,2	3,2	2	2,7,8,2,3,9
